n_MC,n,T,mu,mu_n,Estimate,Variance,IS_Estimate,IS_Variance
10000,100,0.5,0.01,1,0.9993671,0.0006325108,0.7333476,0.4128732
10000,100,1.0,0.01,1,0.9998734,0.0001265663,0.926902,11.95803
10000,100,1.5,0.01,1,0.9999367,6.328713e-05,0.946042,104.9281
10000,100,2.0,0.01,1,0.9999367,6.328713e-05,0.826982,265.9122
10000,100,2.5,0.01,1,1.0,0.0,0.6202773,304.3737
10000,100,3.0,0.01,1,1.0,0.0,0.4058519,205.3501
10000,100,3.5,0.01,1,1.0,0.0,0.2360934,95.2244
10000,100,4.0,0.01,1,1.0,0.0,0.124859,33.4749
10000,100,4.5,0.01,1,1.0,0.0,0.06111626,9.509733
10000,100,5.0,0.01,1,1.0,0.0,0.02790703,2.278561
10000,100,0.5,0.02,2,0.748481,0.1882572,0.3879376,0.1324764
10000,100,1.0,0.02,2,0.9362658,0.05967213,0.7086991,0.5270544
10000,100,1.5,0.02,2,0.9833544,0.01636849,0.8178078,4.705436
10000,100,2.0,0.02,2,0.9957595,0.004222524,0.804383,23.22192
10000,100,2.5,0.02,2,0.9991139,0.0008852908,0.7039626,51.86705
10000,100,3.0,0.02,2,0.9998101,0.0001898374,0.5489293,63.69006
10000,100,3.5,0.02,2,0.9998734,0.0001265663,0.3833209,50.45542
10000,100,4.0,0.02,2,1.0,0.0,0.2413344,27.93842
10000,100,4.5,0.02,2,1.0,0.0,0.1381917,11.59071
10000,100,5.0,0.02,2,1.0,0.0,0.07386868,4.117259
10000,100,0.5,0.03,3,0.3979747,0.2395908,0.1557551,0.03568767
10000,100,1.0,0.03,3,0.7620886,0.1813096,0.4787085,0.1774405
10000,100,1.5,0.03,3,0.9133544,0.07913811,0.6758552,0.5549909
10000,100,2.0,0.03,3,0.9720253,0.0271921,0.7174632,2.249127
10000,100,2.5,0.03,3,0.9924684,0.00747492,0.6495797,6.220992
10000,100,3.0,0.03,3,0.9979114,0.002084245,0.5246044,12.45004
10000,100,3.5,0.03,3,0.9986709,0.001327347,0.3836605,16.75754
10000,100,4.0,0.03,3,0.9999367,6.328713e-05,0.257134,15.52699
10000,100,4.5,0.03,3,0.9998734,0.0001265663,0.1596717,10.74688
10000,100,5.0,0.03,3,1.0,0.0,0.09100838,5.022089
10000,100,0.5,0.04,4,0.1593038,0.1339261,0.04796331,0.005014412
10000,100,1.0,0.04,4,0.5194937,0.24962,0.2662303,0.08092455
10000,100,1.5,0.04,4,0.7818987,0.1705331,0.4996852,0.2038182
10000,100,2.0,0.04,4,0.9091139,0.0826258,0.627451,0.6158817
10000,100,2.5,0.04,4,0.9687342,0.03028827,0.6533433,3.976132
10000,100,3.0,0.04,4,0.9886076,0.01126262,0.6242543,29.34837
10000,100,3.5,0.04,4,0.9962025,0.003783048,0.5801413,132.65
10000,100,4.0,0.04,4,0.9986076,0.001390466,0.5359021,349.3356
10000,100,4.5,0.04,4,0.9997468,0.0002531005,0.4812515,571.5226
10000,100,5.0,0.04,4,0.9998101,0.0001898374,0.4154776,673.6783
10000,100,0.5,0.05,5,0.04822785,0.04590192,0.01280158,0.0004482929
10000,100,1.0,0.05,5,0.2998101,0.209924,0.1307858,0.02682223
10000,100,1.5,0.05,5,0.5940506,0.2411545,0.3339901,0.1061696
10000,100,2.0,0.05,5,0.798481,0.1609091,0.5007169,0.2117171
10000,100,2.5,0.05,5,0.9098734,0.08200378,0.5760518,0.5428744
10000,100,3.0,0.05,5,0.9646203,0.03412802,0.5711357,1.892682
10000,100,3.5,0.05,5,0.9872785,0.01255968,0.5182104,6.875968
10000,100,4.0,0.05,5,0.9948101,0.005162939,0.4432663,18.7445
10000,100,4.5,0.05,5,0.9976582,0.002336288,0.3620804,34.58312
10000,100,5.0,0.05,5,0.9993671,0.0006325108,0.2847322,48.03731
10000,100,0.5,0.06,6,0.01177215,0.01163357,0.002857903,2.715764e-05
10000,100,1.0,0.06,6,0.1481013,0.1261673,0.05488009,0.006251225
10000,100,1.5,0.06,6,0.3921519,0.2383688,0.1953747,0.04941514
10000,100,2.0,0.06,6,0.6417089,0.2299186,0.3587437,0.1155829
10000,100,2.5,0.06,6,0.8107595,0.1534285,0.4684575,0.2050147
10000,100,3.0,0.06,6,0.9170253,0.07608989,0.5011197,0.4462401
10000,100,3.5,0.06,6,0.9653165,0.0334806,0.4719883,1.059262
10000,100,4.0,0.06,6,0.9855696,0.01422214,0.4069633,2.186298
10000,100,4.5,0.06,6,0.9925949,0.007350228,0.3270353,3.521458
10000,100,5.0,0.06,6,0.9977848,0.002210283,0.2479215,4.26463
10000,100,0.5,0.07,7,0.002658228,0.002651162,9.331802e-05,3.836772e-08
10000,100,1.0,0.07,7,0.06316456,0.0591748,0.006617864,0.0001333269
10000,100,1.5,0.07,7,0.2301899,0.1772025,0.04816743,0.004835841
10000,100,2.0,0.07,7,0.4679747,0.2489744,0.1405999,0.02819001
10000,100,2.5,0.07,7,0.6774684,0.218505,0.2525416,0.0650921
10000,100,3.0,0.07,7,0.831962,0.1398012,0.3383464,0.09968839
10000,100,3.5,0.07,7,0.9181646,0.0751384,0.3742428,0.1500445
10000,100,4.0,0.07,7,0.961962,0.03659109,0.3628328,0.2538167
10000,100,4.5,0.07,7,0.983038,0.01667432,0.3197212,0.433861
10000,100,5.0,0.07,7,0.9936709,0.006289056,0.2608975,0.6449627
10000,100,0.5,0.08,8,0.000443038,0.0004428417,9.331802e-05,3.836772e-08
10000,100,1.0,0.08,8,0.02316456,0.02262796,0.006617864,0.0001333269
10000,100,1.5,0.08,8,0.1177848,0.1039115,0.04816743,0.004835841
10000,100,2.0,0.08,8,0.3068987,0.2127119,0.1405999,0.02819001
10000,100,2.5,0.08,8,0.5238608,0.2494307,0.2525416,0.0650921
10000,100,3.0,0.08,8,0.7208228,0.2012373,0.3383464,0.09968839
10000,100,3.5,0.08,8,0.8422152,0.1328888,0.3742428,0.1500445
10000,100,4.0,0.08,8,0.9208228,0.07290818,0.3628328,0.2538167
10000,100,4.5,0.08,8,0.9605063,0.03793392,0.3197212,0.433861
10000,100,5.0,0.08,8,0.9837975,0.01594001,0.2608975,0.6449627
10000,100,0.5,0.09,9,6.329114e-05,6.328713e-05,1.510917e-05,1.059656e-09
10000,100,1.0,0.09,9,0.00721519,0.007163131,0.002042387,1.428349e-05
10000,100,1.5,0.09,9,0.05468354,0.05169325,0.02119286,0.001118687
10000,100,2.0,0.09,9,0.1829114,0.1494548,0.07813546,0.01089733
10000,100,2.5,0.09,9,0.3766456,0.2347837,0.1658064,0.03522104
10000,100,3.0,0.09,9,0.5805696,0.2435085,0.2511633,0.06160914
10000,100,3.5,0.09,9,0.7393038,0.1927337,0.3047456,0.08387611
10000,100,4.0,0.09,9,0.8524051,0.1258107,0.3172613,0.1177921
10000,100,4.5,0.09,9,0.9186709,0.07471469,0.2957162,0.180618
10000,100,5.0,0.09,9,0.9629114,0.03571304,0.2533907,0.2684553
10000,100,0.5,0.11,11,0.0,0.0,2.650635e-07,3.834789e-13
10000,100,1.0,0.11,11,0.000443038,0.0004428417,0.000137095,7.884542e-08
10000,100,1.5,0.11,11,0.01050633,0.01039595,0.003031964,2.965345e-05
10000,100,2.0,0.11,11,0.05037975,0.04784163,0.01863409,0.0008586105
10000,100,2.5,0.11,11,0.149557,0.1271897,0.05726937,0.006188987
10000,100,3.0,0.11,11,0.3139241,0.2153757,0.1145015,0.018946
10000,100,3.5,0.11,11,0.4841772,0.2497496,0.1714149,0.03340078
10000,100,4.0,0.11,11,0.6489241,0.2278216,0.2091848,0.04261473
10000,100,4.5,0.11,11,0.7768987,0.1733271,0.2198395,0.04835875
10000,100,5.0,0.11,11,0.8728481,0.1109843,0.2063047,0.05625242
10000,100,0.5,0.12,12,0.0,0.0,3.052242e-08,5.515162e-15
10000,100,1.0,0.12,12,6.329114e-05,6.328713e-05,3.084211e-05,4.41162e-09
10000,100,1.5,0.12,12,0.004367089,0.004348017,0.0009975674,3.621375e-06
10000,100,2.0,0.12,12,0.02367089,0.02311058,0.007952829,0.0001802175
10000,100,2.5,0.12,12,0.08398734,0.07693347,0.02966044,0.0019558
10000,100,3.0,0.12,12,0.2056962,0.1633853,0.06889404,0.008210998
10000,100,3.5,0.12,12,0.3552532,0.2290484,0.1162386,0.01833862
10000,100,4.0,0.12,12,0.5279114,0.249221,0.1561392,0.02695765
10000,100,4.5,0.12,12,0.6753797,0.2192419,0.177472,0.03134852
10000,100,5.0,0.12,12,0.7986709,0.1607957,0.1777443,0.03418168
10000,100,0.5,0.13,13,0.0,0.0,3.30257e-09,6.865024e-17
10000,100,1.0,0.13,13,0.0,0.0,6.524238e-06,2.143313e-10
10000,100,1.5,0.13,13,0.001202532,0.001201086,0.0003091483,3.854962e-07
10000,100,2.0,0.13,13,0.009303797,0.009217237,0.00320405,3.312221e-05
10000,100,2.5,0.13,13,0.04462025,0.04262929,0.0145341,0.0005435455
10000,100,3.0,0.13,13,0.1274684,0.1112202,0.03934575,0.003166167
10000,100,3.5,0.13,13,0.2499367,0.1874684,0.07494613,0.009143806
10000,100,4.0,0.13,13,0.4079747,0.2415313,0.1109977,0.01619487
10000,100,4.5,0.13,13,0.5587342,0.2465503,0.1363888,0.02068097
10000,100,5.0,0.13,13,0.7055696,0.2077411,0.1451667,0.02186942
10000,100,0.5,0.14,14,0.0,0.0,3.15257e-11,6.992958e-21
10000,100,1.0,0.14,14,0.0,0.0,2.395069e-07,3.316044e-13
10000,100,1.5,0.14,14,0.000443038,0.0004428417,2.44897e-05,2.859683e-09
10000,100,2.0,0.14,14,0.004240506,0.004222524,0.000431697,7.34687e-07
10000,100,2.5,0.14,14,0.0243038,0.02371312,0.00291806,2.777287e-05
10000,100,3.0,0.14,14,0.07360759,0.06818952,0.01080317,0.0003147871
10000,100,3.5,0.14,14,0.1650633,0.1378174,0.02651165,0.001565692
10000,100,4.0,0.14,14,0.298481,0.2093901,0.04831862,0.004304414
10000,100,4.5,0.14,14,0.4447468,0.2469471,0.07042596,0.007633664
10000,100,5.0,0.14,14,0.5964557,0.2406963,0.08637027,0.009815978
10000,100,0.5,0.15,15,0.0,0.0,3.15257e-11,6.992958e-21
10000,100,1.0,0.15,15,0.0,0.0,2.395069e-07,3.316044e-13
10000,100,1.5,0.15,15,0.0001265823,0.0001265663,2.44897e-05,2.859683e-09
10000,100,2.0,0.15,15,0.001582278,0.001579775,0.000431697,7.34687e-07
10000,100,2.5,0.15,15,0.01126582,0.0111389,0.00291806,2.777287e-05
10000,100,3.0,0.15,15,0.04050633,0.03886557,0.01080317,0.0003147871
10000,100,3.5,0.15,15,0.1007595,0.09060702,0.02651165,0.001565692
10000,100,4.0,0.15,15,0.2038608,0.1623016,0.04831862,0.004304414
10000,100,4.5,0.15,15,0.3363291,0.2232118,0.07042596,0.007633664
10000,100,5.0,0.15,15,0.4851266,0.2497788,0.08637027,0.009815978
10000,100,0.5,0.16,16,0.0,0.0,2.758944e-12,5.616258e-23
10000,100,1.0,0.16,16,0.0,0.0,4.119708e-08,1.041918e-14
10000,100,1.5,0.16,16,6.329114e-05,6.328713e-05,6.198667e-06,1.972042e-10
10000,100,2.0,0.16,16,0.0008227848,0.0008221078,0.0001427295,8.769734e-08
10000,100,2.5,0.16,16,0.003924051,0.003908652,0.001180902,5.043518e-06
10000,100,3.0,0.16,16,0.02006329,0.01966076,0.00512735,7.981276e-05
10000,100,3.5,0.16,16,0.05683544,0.05360518,0.01432115,0.0005223104
10000,100,4.0,0.16,16,0.1301266,0.1131937,0.02904282,0.001800123
10000,100,4.5,0.16,16,0.2396203,0.1822024,0.04632721,0.003853221
10000,100,5.0,0.16,16,0.3791139,0.2353866,0.06127762,0.005730371
10000,100,0.5,0.17,17,0.0,0.0,2.283175e-13,4.033399e-25
10000,100,1.0,0.17,17,0.0,0.0,6.700512e-09,2.914099e-16
10000,100,1.5,0.17,17,6.329114e-05,6.328713e-05,1.484751e-06,1.206685e-11
10000,100,2.0,0.17,17,0.0003164557,0.0003163556,4.477141e-05,9.293186e-09
10000,100,2.5,0.17,17,0.001518987,0.00151668,0.0004537819,8.109159e-07
10000,100,3.0,0.17,17,0.009873418,0.009775933,0.0023174,1.799113e-05
10000,100,3.5,0.17,17,0.03113924,0.03016959,0.007391674,0.0001558494
10000,100,4.0,0.17,17,0.07905063,0.07280163,0.01674584,0.0006810878
10000,100,4.5,0.17,17,0.1641772,0.1372231,0.02930422,0.001781476
10000,100,5.0,0.17,17,0.2813291,0.202183,0.04193327,0.003132519
10000,100,0.5,0.18,18,0.0,0.0,1.820997e-14,2.681457e-27
10000,100,1.0,0.18,18,0.0,0.0,1.049947e-09,7.5627e-18
10000,100,1.5,0.18,18,1.110223e-16,1.110223e-16,3.428765e-07,6.882715e-13
10000,100,2.0,0.18,18,6.329114e-05,6.328713e-05,1.351488e-05,9.160629e-10
10000,100,2.5,0.18,18,0.0005063291,0.0005060727,0.0001679664,1.216315e-07
10000,100,3.0,0.18,18,0.004113924,0.004097,0.001007602,3.766843e-06
10000,100,3.5,0.18,18,0.01632911,0.01606247,0.003670518,4.308665e-05
10000,100,4.0,0.18,18,0.04658228,0.04441237,0.009299568,0.0002383827
10000,100,4.5,0.18,18,0.1057595,0.09457442,0.01789165,0.0007630372
10000,100,5.0,0.18,18,0.2020253,0.1612111,0.02776762,0.001593334
10000,100,0.5,0.19,19,0.0,0.0,1.339151e-15,1.531599e-29
10000,100,1.0,0.19,19,0.0,0.0,1.518191e-10,1.682272e-19
10000,100,1.5,0.19,19,1.110223e-16,1.110223e-16,7.308467e-08,3.349775e-14
10000,100,2.0,0.19,19,0.0,0.0,3.776027e-06,7.718439e-11
10000,100,2.5,0.19,19,0.0002531646,0.0002531005,5.765303e-05,1.558753e-08
10000,100,3.0,0.19,19,0.001329114,0.001327347,0.0004081043,6.783957e-07
10000,100,3.5,0.19,19,0.00835443,0.008284634,0.001704455,1.031321e-05
10000,100,4.0,0.19,19,0.02563291,0.02497587,0.00484102,7.249922e-05
10000,100,4.5,0.19,19,0.06537975,0.06110524,0.01027773,0.0002853369
10000,100,5.0,0.19,19,0.1375316,0.1186167,0.01736171,0.000712048
10000,100,0.5,0.1,10,0.0,0.0,2.078572e-06,2.189356e-11
10000,100,1.0,0.1,10,0.002088608,0.002084245,0.0005511543,1.153666e-06
10000,100,1.5,0.1,10,0.02335443,0.022809,0.008353466,0.0001983104
10000,100,2.0,0.1,10,0.103038,0.09242115,0.03971503,0.003334078
10000,100,2.5,0.1,10,0.2487975,0.1868973,0.1011523,0.01603513
10000,100,3.0,0.1,10,0.4387342,0.2462465,0.1753387,0.03633454
10000,100,3.5,0.1,10,0.6128481,0.2372653,0.2353784,0.05342188
10000,100,4.0,0.1,10,0.7625316,0.1810771,0.2643994,0.06712204
10000,100,4.5,0.1,10,0.8586709,0.1213552,0.2607519,0.0875745
10000,100,5.0,0.1,10,0.9276582,0.06710844,0.2331888,0.1186824
10000,100,0.5,0.2,20,0.0,0.0,9.540371e-17,7.992268e-32
10000,100,1.0,0.2,20,0.0,0.0,2.122029e-11,3.414659e-21
10000,100,1.5,0.2,20,1.110223e-16,1.110223e-16,1.502852e-08,1.485265e-15
10000,100,2.0,0.2,20,0.0,0.0,1.016008e-06,5.909822e-12
10000,100,2.5,0.2,20,6.329114e-05,6.328713e-05,1.900037e-05,1.803826e-09
10000,100,3.0,0.2,20,0.0006962025,0.0006957178,0.0001581571,1.093359e-07
10000,100,3.5,0.2,20,0.004177215,0.004159766,0.0007554585,2.184815e-06
10000,100,4.0,0.2,20,0.01373418,0.01354555,0.002405809,1.94807e-05
10000,100,4.5,0.2,20,0.03727848,0.0358888,0.005626743,9.354158e-05
10000,100,5.0,0.2,20,0.08962025,0.08158846,0.01034798,0.0002792206
